{
  "round_id": "3eb0c25d-28fa-48ca-b8e1-fc249e3918e9",
  "round_number": 17,
  "model_source": "/mnt/YassY_Dev/YassY_The_Alchemyst/999-iYassY/The_AlchemYst_AI-Competitions/2026/Norwegian_AI_Championship/Main_events/Lab/Astar_Astar-Island/Code_YassY/models",
  "used_saved_query_dir": null,
  "saved_query_counts": {
    "0": 5,
    "1": 5,
    "2": 5,
    "3": 5,
    "4": 5
  },
  "additional_live_queries": 25,
  "diagnostics": {
    "ensemble_uncertainty": [
      0.0005243961749547499,
      0.000526801834146962,
      0.0005173190356107008,
      0.0005259582136088891,
      0.0005356154329567021
    ],
    "strategy": "regime_detection",
    "regime": {
      "expert_weights": {
        "base": 0.02597040806932121,
        "pooled": 0.027676565339788694,
        "round_10": 6.299817831428219e-13,
        "round_11": 0.2282159844531417,
        "round_12": 0.01742776803942448,
        "round_13": 0.002955451241454956,
        "round_14": 0.1954923713364886,
        "round_15": 0.09081432576326136,
        "round_16": 0.000725967038771427,
        "round_1": 0.07206779084189954,
        "round_2": 0.11628195556728066,
        "round_3": 1.2000193127215571e-18,
        "round_4": 0.002829716193483232,
        "round_5": 0.01583764220057575,
        "round_6": 0.14394060085177254,
        "round_7": 0.029640354071185208,
        "round_8": 3.884070787444816e-08,
        "round_9": 0.03012306015081276
      },
      "expert_scores": {
        "base": -37.12575221173564,
        "pooled": -37.062123911886104,
        "round_10": -61.56804016299859,
        "round_11": -34.95241746960943,
        "round_12": -37.52464515187435,
        "round_13": -39.29905860680723,
        "round_14": -35.107188593023906,
        "round_15": -35.87389290450566,
        "round_16": -40.70296061672053,
        "round_1": -36.10510273487462,
        "round_2": -35.62669205709791,
        "round_3": -74.73914869470285,
        "round_4": -39.34253352875323,
        "round_5": -37.62032042605812,
        "round_6": -35.41330922999924,
        "round_7": -36.99357320431321,
        "round_8": -50.538751639700735,
        "round_9": -36.97741895398778
      },
      "query_signature": {
        "query_count": 25,
        "cell_count": 5625,
        "class_frequencies": [
          0.5022222222222222,
          0.2730666666666667,
          0.014577777777777778,
          0.0112,
          0.18097777777777777,
          0.017955555555555554
        ]
      },
      "likelihood_scale": 40.0,
      "use_local_posterior": true,
      "class_weights": [
        1.0340624838903754,
        1.2988776395888304,
        1.3019377738712195,
        0.5435002317110035,
        0.9978765648693818,
        1.054431066524906
      ]
    },
    "query_update_divergence": 0.047732092747036506,
    "fallback_activated": false
  },
  "submitted": true
}