{
  "round_id": "93c39605-628f-4706-abd9-08582f8b61d7",
  "round_number": 23,
  "model_source": "/mnt/YassY_Dev/YassY_The_Alchemyst/999-iYassY/The_AlchemYst_AI-Competitions/2026/Norwegian_AI_Championship/Main_events/Lab/Astar_Astar-Island/Code_YassY_v2/models",
  "used_saved_query_dir": null,
  "saved_query_counts": {
    "0": 3,
    "1": 3,
    "2": 3,
    "3": 3,
    "4": 3
  },
  "additional_live_queries": 15,
  "diagnostics": {
    "ensemble_uncertainty": [
      0.0008798343715851621,
      0.0006355227295406371,
      0.0006689462276467155,
      0.0007422594571724489,
      0.0006368288252439907
    ],
    "strategy": "regime_detection",
    "regime": {
      "expert_weights": {
        "base": 0.09480937204536678,
        "pooled": 0.09666997532123106,
        "round_10": 1.0869218593658193e-06,
        "round_11": 0.005364952402173126,
        "round_12": 0.14890081714029169,
        "round_13": 0.04745732269104569,
        "round_14": 0.008769856865310587,
        "round_15": 0.04066724837241037,
        "round_16": 0.06184585593536436,
        "round_17": 0.010785363593807627,
        "round_18": 0.0005514431757202353,
        "round_19": 3.245168307259998e-06,
        "round_1": 0.078514325679158,
        "round_20": 0.004705266269776066,
        "round_21": 0.02992401049323891,
        "round_22": 0.0011270070962085194,
        "round_2": 0.038575731229822025,
        "round_3": 3.5222063498800235e-10,
        "round_4": 0.05650724246838373,
        "round_5": 0.08893507173866255,
        "round_6": 0.0053087160895633765,
        "round_7": 0.12830663644138252,
        "round_8": 0.0003067728920349139,
        "round_9": 0.05196267961666057
      },
      "expert_scores": {
        "base": -23.25326881605069,
        "pooled": -23.233834220475586,
        "round_10": -34.62954264159827,
        "round_11": -26.125249577535495,
        "round_12": -22.801856654142206,
        "round_13": -23.945306244150654,
        "round_14": -25.63381659635756,
        "round_15": -24.09971402146082,
        "round_16": -23.680491986922934,
        "round_17": -25.426947089473614,
        "round_18": -28.400353563125794,
        "round_19": -33.535725145190305,
        "round_1": -23.441855980796543,
        "round_20": -26.256454717288648,
        "round_21": -24.406475896990187,
        "round_22": -27.6855715500784,
        "round_2": -24.15251372753869,
        "round_3": -42.66414513542793,
        "round_4": -23.77076826644477,
        "round_5": -23.317230509194637,
        "round_6": -26.13578706668826,
        "round_7": -22.950714085413843,
        "round_8": -28.9867846521782,
        "round_9": -23.854611320431147
      },
      "query_signature": {
        "query_count": 15,
        "cell_count": 3375,
        "class_frequencies": [
          0.5825185185185185,
          0.1688888888888889,
          0.005333333333333333,
          0.007407407407407408,
          0.224,
          0.011851851851851851
        ]
      },
      "likelihood_scale": 40.0,
      "use_local_posterior": true,
      "class_weights": [
        1.1119749275241781,
        1.1717230749412901,
        1.115371129530274,
        0.5902797720728383,
        1.0529640745966666,
        1.1071059082705668
      ]
    },
    "query_update_divergence": 0.004291167051487086,
    "fallback_activated": false
  },
  "submitted": true
}